{
    "Scenario": {
        "Generation": {
            "GeneratorName": "ConfigurableScenarioGeneration",
            "GeneratorSeed": 2000,
            "SetName": "interaction_merging",
            "SetDescription": "",
            "NumScenarios": 20,
            "NumSets": 1,
            "ConfigurableScenarioGeneration": {
                "SinksSources": [
                    {
                        "SourceSink": [
                            [
                                1001.92,
                                1005.59
                            ],
                            [
                                883.064,
                                1009.07
                            ]
                        ],
                        "Description": "left_lane",
                        "ConfigAgentStatesGeometries": {
                            "Type": "UniformVehicleDistribution",
                            "LanePositions": [
                                0
                            ],
                            "VehicleDistanceRange": [
                                12,
                                16
                            ],
                            "OtherVehicleVelocityRange": [
                                5.3,
                                8.1
                            ],
                            "SRange": [
                                0.05,
                                0.4
                            ]
                        },
                        "ConfigBehaviorModels": {
                            "Type": "BehaviorSpaceSampling",
                            "ModelType": "BehaviorIDMStochastic",
                            "BehaviorSpace": {
                                "Definition": {
                                    "ModelType": "BehaviorIDMStochastic",
                                    "SpaceBoundaries": {
                                        "BehaviorIDMClassic": {
                                            "MinimumSpacing": 2.0,
                                            "DesiredTimeHeadway": 1.5,
                                            "MaxAcceleration": 1.7000000476837158,
                                            "AccelerationLowerBound": -5.0,
                                            "AccelerationUpperBound": 5.0,
                                            "DesiredVelocity": 15.0,
                                            "ComfortableBrakingAcceleration": 1.6699999570846558,
                                            "MinVelocity": 0.0,
                                            "MaxVelocity": 50.0,
                                            "Exponent": 4,
                                            "BrakeForLaneEnd": false,
                                            "BrakeForLaneEndEnabledDistance": 0.0,
                                            "BrakeForLaneEndDistanceOffset": 15.0,
                                            "NumTrajectoryTimePoints": 11,
                                            "CoolnessFactor": 0.0
                                        },
                                        "BehaviorIDMStochastic": {
                                            "HeadwayDistribution": [
                                                0.5,
                                                2
                                            ],
                                            "SpacingDistribution": [
                                                0.2
                                            ],
                                            "MaxAccDistribution": [
                                                1.5,
                                                2.0
                                            ],
                                            "DesiredVelDistribution": [
                                                15.0,
                                                16.0
                                            ],
                                            "ComftBrakingDistribution": [
                                                1.7,
                                                2.0                                               
                                            ],
                                            "CoolnessFactorDistribution": [
                                                0.99
                                            ]
                                        }
                                    },
                                    "PriorKnowledgeFunction": {
                                        "FunctionDefinition": "UniformKnowledgeFunctionDefinition",
                                        "PriorKnowledgeFunction": {
                                            "NumPartitionsIntegration": 100
                                        }
                                    }
                                },
                                "Sampling": {
                                    "RandomSeed": 1000,
                                    "BehaviorIDMStochastic": {
                                        "HeadwayDistribution": {
                                            "DistributionType": "UniformDistribution1D",
                                            "Width": [
                                                0.1,
                                                0.3
                                            ],
                                            "RandomSeed": 1000
                                        },
                                        "SpacingDistribution": {
                                            "DistributionType": "FixedValue"
                                        },
                                        "MaxAccDistribution": {
                                            "DistributionType": "UniformDistribution1D",
                                            "Width": [
                                                0.05,
                                                0.1
                                            ],
                                            "RandomSeed": 1000
                                        },
                                        "DesiredVelDistribution": {
                                            "DistributionType": "UniformDistribution1D",
                                            "Width": [
                                                0.5,
                                                1.0
                                            ],
                                            "RandomSeed": 1000
                                        },
                                        "ComftBrakingDistribution": {
                                            "DistributionType": "UniformDistribution1D",
                                            "Width": [
                                                0.05,
                                                0.1
                                            ],
                                            "RandomSeed": 1000
                                        },
                                        "CoolnessFactorDistribution": {
                                            "DistributionType": "FixedValue"
                                        }
                                    }
                                }
                            }
                        },
                        "ConfigExecutionModels": {
                            "Type": "FixedExecutionType",
                            "ModelType": "ExecutionModelInterpolate"
                        },
                        "ConfigDynamicModels": {
                            "Type": "FixedDynamicType",
                            "ModelType": "SingleTrackModel"
                        },
                        "ConfigGoalDefinitions": {
                            "Type": "FixedGoalTypes",
                            "GoalTypeControlled": "LaneChangeLeft",
                            "EnforceControlledGoal" : false,
                            "EnforceOthersGoal" : false,
                            "GoalTypeOthers": "LaneChangeLeft",
                            "MaxLateralDist": [
                                0.8,
                                0.8
                            ],
                            "LongitudinalRange": [
                                0.0,
                                1.0
                            ],
                            "MaxOrientationDifference": [
                                0.1,
                                0.1
                            ],
                            "VelocityRange": [
                                0.0,
                                20.0
                            ]
                        },
                        "ConfigControlledAgents": {
                            "Type": "NoneControlled"
                        },
                        "AgentParams": {
                            "MaxHistoryLength": 50
                        }
                    },
                    {
                        "SourceSink": [
                            [
                                1001.92,
                                1005.59
                            ],
                            [
                                883.064,
                                1009.07
                            ]
                        ],
                        "Description": "right_lane",
                        "ConfigAgentStatesGeometries": {
                            "Type": "UniformVehicleDistribution",
                            "LanePositions": [
                                1
                            ],
                            "VehicleDistanceRange": [
                                10,
                                20
                            ],
                            "OtherVehicleVelocityRange": [
                                5.5,
                                11.1
                            ],
                            "SRange": [
                                0.35,
                                0.36
                            ]
                        },
                        "ConfigBehaviorModels": {
                            "Type": "BehaviorSpaceSampling",
                            "ModelType": "BehaviorIDMStochastic",
                            "BehaviorSpace": {
                                "Definition": {
                                    "ModelType": "BehaviorIDMStochastic",
                                    "SpaceBoundaries": {
                                        "BehaviorIDMClassic": {
                                            "MinimumSpacing": 2.0,
                                            "DesiredTimeHeadway": 1.5,
                                            "MaxAcceleration": 1.7000000476837158,
                                            "AccelerationLowerBound": -5.0,
                                            "AccelerationUpperBound": 5.0,
                                            "DesiredVelocity": 15.0,
                                            "ComfortableBrakingAcceleration": 1.6699999570846558,
                                            "MinVelocity": 0.0,
                                            "MaxVelocity": 50.0,
                                            "Exponent": 4,
                                            "BrakeForLaneEnd": false,
                                            "BrakeForLaneEndEnabledDistance": 0.0,
                                            "BrakeForLaneEndDistanceOffset": 15.0,
                                            "NumTrajectoryTimePoints": 11,
                                            "CoolnessFactor": 0.0
                                        },
                                        "BehaviorIDMStochastic": {
                                            "HeadwayDistribution": [
                                                0.5,
                                                2
                                            ],
                                            "SpacingDistribution": [
                                                2.0,
                                                2.5
                                            ],
                                            "MaxAccDistribution": [
                                                1.5,
                                                2.0
                                            ],
                                            "DesiredVelDistribution": [
                                                15.0,
                                                16.0
                                            ],
                                            "ComftBrakingDistribution": [
                                                1.7,
                                                2.0                                               
                                            ],
                                            "CoolnessFactorDistribution": [
                                                0.5,
                                                1.0
                                            ]
                                        }
                                    },
                                    "PriorKnowledgeFunction": {
                                        "FunctionDefinition": "UniformKnowledgeFunctionDefinition",
                                        "PriorKnowledgeFunction": {
                                            "NumPartitionsIntegration": 100
                                        }
                                    }
                                },
                                "Sampling": {
                                    "RandomSeed": 1000,
                                    "BehaviorIDMStochastic": {
                                        "HeadwayDistribution": {
                                            "Partitions": null,
                                            "DistributionType": "UniformDistribution1D",
                                            "Width": [
                                                0.1,
                                                0.3
                                            ],
                                            "RandomSeed": 1000
                                        },
                                        "SpacingDistribution": {
                                            "Partitions": null,
                                            "DistributionType": "UniformDistribution1D",
                                            "Width": [
                                                0.1,
                                                0.3
                                            ],
                                            "RandomSeed": 1000
                                        },
                                        "MaxAccDistribution": {
                                            "Partitions": null,
                                            "DistributionType": "UniformDistribution1D",
                                            "Width": [
                                                0.1,
                                                0.3
                                            ],
                                            "RandomSeed": 1000
                                        },
                                        "DesiredVelDistribution": {
                                            "Partitions": null,
                                            "DistributionType": "UniformDistribution1D",
                                            "Width": [
                                                0.1,
                                                0.3
                                            ],
                                            "RandomSeed": 1000
                                        },
                                        "ComftBrakingDistribution": {
                                            "Partitions": null,
                                            "DistributionType": "UniformDistribution1D",
                                            "Width": [
                                                0.1,
                                                0.3
                                            ],
                                            "RandomSeed": 1000
                                        },
                                        "CoolnessFactorDistribution": {
                                            "Partitions": null,
                                            "DistributionType": "UniformDistribution1D",
                                            "Width": [
                                                0.1,
                                                0.3
                                            ],
                                            "RandomSeed": 1000
                                        }
                                    }
                                }
                            }
                        },
                        "ConfigExecutionModels": {
                            "Type": "FixedExecutionType",
                            "ModelType": "ExecutionModelInterpolate"
                        },
                        "ConfigDynamicModels": {
                            "Type": "FixedDynamicType",
                            "ModelType": "SingleTrackModel"
                        },
                        "ConfigGoalDefinitions": {
                            "Type": "FixedGoalTypes",
                            "GoalTypeControlled": "LaneChangeLeft",
                            "EnforceControlledGoal" : true,
                            "EnforceOthersGoal" : false,
                            "GoalTypeOthers": "LaneChangeLeft",
                            "MaxLateralDist": [
                                0.8,
                                0.8
                            ],
                            "LongitudinalRange": [
                                0.0,
                                1.0
                            ],
                            "MaxOrientationDifference": [
                                0.1,
                                0.1
                            ],
                            "VelocityRange": [
                                0,
                                20
                            ]
                        },
                        "ConfigControlledAgents": {
                            "Type": "RandomSingleAgent"
                        },
                        "AgentParams": {
                            "MaxHistoryLength": 50
                        }
                    }
                ],
                "MapFilename": "maps/DR_DEU_Merging_MT_shifted.xodr",
                "ConflictResolution": {
                    "left_lane/right_lane": [
                        0.2,
                        0.8
                    ]
                }
            }
        }
    },
    "World": {
        "remove_agents_out_of_map": true,
        "FracLateralOffset" : 0.8
    },
    "Simulation" : {
        "StepTime" : 0.2
    }
}